nome;endereco;telefone;email
Alexandre Wagner Cardoso Rodrigues ;Alameda Munique, 8922;(63)8883-3216;alexandre_rodrigues@kpomail.com
Alexia Nunes Batista ;Rua São Paulo, 6845;(35)8589-3323;alexia_batista@bbkmail.com
Allana Dalila Costa ;Avenida Amesterdan, 4123;(90)8195-6607;allana_costa@cwbmail.com
Amanda Mercia Ferreira ;Avenida Liverpool, 5176;(74)9155-1532;amanda_ferreira@pnnmail.com
Amanda Souza da Silva ;Rua Manaus, 7162;(34)9780-4304;amanda_silva@wqcmail.com
Ana Carolina Borges de Lacerda ;Alameda São Paulo, 2788;(61)9182-5058;ana_lacerda@itvmail.com
Ana Claudia Souza Inacio ;Alameda Porto Alegre, 3194;(91)8630-4797;ana_inacio@hdbmail.com
Ana Julia Sandes Mariano ;Alameda Salvador, 9997;(63)9810-1315;ana_mariano@wcsmail.com
Ana Taíssa de Resende Falcão ;Avenida Bucareste, 1262;(47)9638-7671;ana_falcão@yecmail.com
Andressa Costa Cabral ;Alameda Cuiabá, 6822;(28)8728-3969;andressa_cabral@oecmail.com
Anny Goncalves Mendes ;Alameda Hanôver, 6227;(48)9282-6200;anny_mendes@ywumail.com
Antonio Guilherme Dutra Cardoso ;Alameda Teerã, 5219;(34)8487-6295;antonio_cardoso@nvkmail.com
Beatriz Ferreira Cabral ;Rua Alexandria, 8634;(43)9640-2641;beatriz_cabral@uwemail.com
Bruno da Rocha Santana ;Alameda Mönchengladbach, 7973;(44)9814-7292;bruno_santana@tldmail.com
Bruno Rodrigues Borelli ;Alameda Kuala Lumpur, 3977;(85)9222-1343;bruno_borelli@zeamail.com
Camila Alves Duarte ;Avenida Barcelona, 1765;(27)9847-8549;camila_duarte@hybmail.com
Camilla Antunes ;Avenida Glasgow, 1765;(72)9771-6167;camilla_antunes@gtgmail.com
Carlos Eduardo Martins de Almeida ;Alameda Nairóbi, 3676;(25)9896-3149;carlos_almeida@ojymail.com
Cayo Germano Faria Alves ;Avenida Chongqing, 3044;(51)8753-6268;cayo_alves@yngmail.com
Cristiano de Almeida Pires ;Alameda Seattle, 2489;(81)9226-7085;cristiano_pires@jramail.com
Daiane Mangabeira Farias ;Avenida Frankfurt, 5757;(59)9961-4575;daiane_farias@uzvmail.com
Débora Silva Sabota ;Avenida Donetsk, 2476;(55)9578-8155;débora_sabota@dylmail.com
Douglas Barros Machado ;Alameda Auckland, 6263;(12)9524-7847;douglas_machado@ufzmail.com
Durval Salviano do Nascimento Júnior ;Rua Londres, 4062;(14)9835-5169;durval_júnior@qzzmail.com
Edmo Alves de Lima Neto ;Alameda Düsseldorf, 2169;(58)9658-7627;edmo_neto@lugmail.com
Eduardo Felipe Ferreira Padilha ;Alameda Trípoli, 9515;(65)9484-7970;eduardo_padilha@qffmail.com
Elaine Pinto Silva Pacheco ;Alameda Annaba, 5909;(79)8203-3999;elaine_pacheco@jcbmail.com
Eliane Andrade Ferreira ;Rua Bamako, 1954;(28)8483-6902;eliane_ferreira@uicmail.com
Eliane Satsuki Arakaki ;Alameda Bengasi, 8984;(20)8461-5349;eliane_arakaki@uhwmail.com
Elida Goncalves Santos ;Avenida Argel, 8712;(66)9048-4842;elida_santos@qdmmail.com
Ellen Olga Primo E Silva ;Rua Oran, 3759;(76)9819-2059;ellen_silva@clumail.com
Erika de Sousa Gomes ;Alameda Buenos Aires, 2591;(27)8099-3062;erika_gomes@yxvmail.com
Eva Freire da Silva ;Rua Bagda, 7886;(49)8866-3928;eva_silva@dpfmail.com
Fabiana Aparecida Fraga ;Alameda Florença, 8521;(59)8285-3616;fabiana_fraga@slymail.com
Fernanda Aparecida Ottoni Lucas ;Rua Medellín, 5016;(27)8028-5667;fernanda_lucas@ruamail.com
Fernanda da Silva Passos ;Avenida Dublin, 9323;(24)8598-5949;fernanda_passos@jlbmail.com
Fillipe de Paula Almeida ;Alameda Cidade do México, 3092;(80)8368-7731;fillipe_almeida@ewzmail.com
Flavia Bueno Araujo ;Rua Kumasi, 8411;(54)8917-1783;flavia_araujo@ltumail.com
Francielly Tavares de Araujo ;Avenida Vancouver, 2678;(76)8980-1632;francielly_araujo@cwvmail.com
Frederico Rassi ;Alameda Sevilha, 1946;(59)9180-8038;frederico_rassi@qngmail.com
Gabriel Angelo Guimaraes Alves ;Alameda Oita, 9422;(30)9308-4559;gabriel_alves@rpsmail.com
Gabriel Freitas Vieira ;Rua Niigata, 8106;(71)8376-2233;gabriel_vieira@jqymail.com
Gabriel Telles dos Santos Burgarelli ;Avenida Yangon, 2242;(75)8996-4243;gabriel_burgarelli@sctmail.com
Gleycy Kellen dos Santos Gonçalves ;Alameda Tbilisi, 7347;(69)8245-3037;gleycy_gonçalves@mvumail.com
Guilherme Nascimento de Freitas Lima ;Avenida Busan, 6628;(40)8592-3221;guilherme_lima@nhgmail.com
Gustavo Oliveira Galvao ;Avenida Beirute, 6940;(54)9226-4912;gustavo_galvao@yggmail.com
Henrique Antonio Coelho de Oliveira ;Alameda Montevidéu, 6871;(35)8546-2938;henrique_oliveira@gskmail.com
Hiorrana Cassia Faria ;Alameda Montevidéu, 4914;(25)9898-6126;hiorrana_faria@oxbmail.com
Isadora Ghannam Ferreira ;Rua Pequim, 2196;(41)8418-8097;isadora_ferreira@jjrmail.com
Isadora Paula Rezende Cavalcante ;Rua Constantina, 1887;(56)9439-7981;isadora_cavalcante@edlmail.com
Izadora Silva de Souza ;Rua Phuthaditjhaba, 886;(29)9373-3787;izadora_souza@ifkmail.com
Janaína dos Santos Ribeiro ;Avenida São Paulo, 4986;(27)8189-3996;janaína_ribeiro@retmail.com
Jessica Moura Bastos ;Avenida Manchester, 7078;(25)8735-4470;jessica_bastos@ihomail.com
Joao Paulo Silva Rodrigues ;Rua La Plata, 4730;(67)9895-2451;joao_rodrigues@agomail.com
Josiane Kelly Lacerda de Souza ;Alameda Lanús, 227;(69)9192-1259;josiane_souza@sppmail.com
Karina Alves Bomtempo ;Rua Edmonton, 8574;(60)9543-2488;karina_bomtempo@wzimail.com
Karlla Kamylla Passos ;Alameda Puebla, 8031;(17)9003-1555;karlla_passos@xmcmail.com
Kathiely de Souza Amorim ;Alameda Cidade do Cabo, 7830;(76)8014-7020;kathiely_amorim@dvkmail.com
Lais de Melo Montel ;Rua Luanda, 4611;(53)9802-2122;lais_montel@ymdmail.com
Lais de Melo Montel ;Alameda Sunderland, 8415;(18)8434-8406;lais_montel@mdbmail.com
Lais Rodrigues Muniz ;Alameda Lisboa, 2917;(68)8176-5460;lais_muniz@nnmmail.com
Lara Danilla Moreira Silva de Morais ;Alameda Maputo, 4045;(77)9507-5751;lara_morais@zermail.com
Larissa Rodrigues Caetano ;Rua Xian, 546;(43)9903-6345;larissa_caetano@brnmail.com
Leonardo Lopes da Luz ;Alameda Chorzów, 9713;(34)9259-5855;leonardo_luz@rtwmail.com
Leticia de Moura Santana ;Avenida Dalian, 5489;(58)9808-8809;leticia_santana@hssmail.com
Luan Claro de Lima Mendonça ;Avenida Jilin, 6809;(36)9826-6139;luan_mendonça@idamail.com
Luana Roberta de Souza Bueno ;Rua Abuja, 5163;(59)9564-7852;luana_bueno@slmmail.com
Lucas Brandão do Prado ;Rua Chengdu, 1541;(53)9278-3055;lucas_prado@nlcmail.com
Lucas Mariano de Lima ;Alameda Daegu, 4019;(89)8977-2011;lucas_lima@flrmail.com
Lucas Mourao Silva ;Alameda Fez, 6615;(88)8822-2805;lucas_silva@uwimail.com
Lucas Sousa Oliveira ;Avenida Sydney, 147;(59)8109-2239;lucas_oliveira@wiymail.com
Macks Miller Lopes Cardoso ;Rua So Kon Po, 921;(21)9191-8929;macks_cardoso@nlsmail.com
Maisa Moreira Souza Lemes Lima ;Avenida Roterdão, 8312;(34)8361-1767;maisa_lima@glomail.com
Maiza dos Reis Silva de Oliveira ;Alameda Quito, 9729;(26)9160-5200;maiza_oliveira@xtjmail.com
Marcello Victor Costa E Silva ;Avenida Valência, 8841;(26)8504-2553;marcello_silva@zycmail.com
Márcia Cristina Correia Teixeira ;Alameda Perak, 3165;(80)8271-2772;márcia_teixeira@ftomail.com
Marcos Felipe Santana Verissimo ;Avenida Xangai, 3548;(43)8456-5464;marcos_verissimo@ktsmail.com
Maria Onicia Coelho Rosa ;Avenida Palo Alto, 314;(46)9502-4261;maria_rosa@pjnmail.com
Marina Nobre Bernardes ;Avenida Tóquio, 35;(36)8129-3096;marina_bernardes@omcmail.com
Matheus Cardoso Duarte Santos ;Alameda Toyota, 5310;(80)8133-6159;matheus_santos@ocqmail.com
Matheus Fabricante Sabag ;Alameda Harare, 8683;(42)9088-1922;matheus_sabag@vpjmail.com
Matheus Navas Camozzi Fedato ;Avenida Minsk, 244;(42)8674-1260;matheus_fedato@mpimail.com
Maycon Martins da Costa ;Rua Porto, 2203;(31)8742-7710;maycon_costa@dqjmail.com
Meiriane Goncalves dos Santos ;Alameda Daejeon, 5280;(65)8615-7778;meiriane_santos@hdamail.com
Meriellen Graciano Patene ;Avenida Seogwipo, 8760;(24)8350-5539;meriellen_patene@psmmail.com
Moises Hilario Rodrigues ;Alameda Jeonju, 3416;(32)8140-2494;moises_rodrigues@qxymail.com
Monique Domingues Netto ;Rua Suwon, 5283;(61)9178-3187;monique_netto@kaemail.com
Natalia Alves Pinto ;Rua Pequim, 1829;(63)8308-4352;natalia_pinto@nfcmail.com
Nathalia Fernandes Pimentel ;Alameda Bogotá, 8034;(62)8735-5025;nathalia_pimentel@poamail.com
Nathalia Nascimento Guimaraes ;Avenida Tunes, 3346;(51)8392-3225;nathalia_guimaraes@gcymail.com
Nathane de Souza Gonçalves Campos Lima ;Avenida Joanesburgo, 8326;(40)9677-8651;nathane_lima@mummail.com
Nicolas de Oliveira Sousa ;Avenida Viena, 9670;(88)9128-7958;nicolas_sousa@ufwmail.com
Nicolas Victor Martins dos Santos ;Rua Belém, 480;(40)8910-2016;nicolas_santos@wsxmail.com
Nina Souto Maior Furtado ;Avenida Belgrado, 4789;(34)9901-7221;nina_furtado@rsfmail.com
Nixon Bastos Costa ;Avenida Melbourne, 100;(20)8646-6817;nixon_costa@dhsmail.com
Olicio Furtado Pereira Junior ;Alameda Roma, 8336;(50)9930-7114;olicio_junior@stmmail.com
Patricia Karla Lopes Ferreira ;Avenida Arbil, 6702;(31)8283-8859;patricia_ferreira@bknmail.com
Paulo Sergio Carneiro ;Avenida Kaiserslautern, 4901;(79)9028-1435;paulo_carneiro@gyfmail.com
Paulo Victor Costa Caetano ;Alameda Udine, 6082;(81)8713-2016;paulo_caetano@kwymail.com
Poliana Xavier Alves ;Avenida Surabaya, 1259;(88)8544-5064;poliana_alves@nccmail.com
Priscila Marinho Vaz ;Rua Palimbão, 6059;(60)9228-6729;priscila_vaz@jnemail.com
Rafael Sousa Guimaraes ;Alameda Cúcuta, 4093;(80)8543-7849;rafael_guimaraes@fydmail.com
Rafaela Cardoso ;Avenida Ahvaz, 1449;(68)9491-3377;rafaela_cardoso@ojdmail.com
Raissa Stival Marques ;Rua Rosário, 9451;(32)8727-2433;raissa_marques@fhxmail.com
Raul Alcantara Teixeira Lima ;Rua Foxborough, 9598;(77)9643-2058;raul_lima@zgumail.com
Regiane Pereira da Silveira ;Rua Milão, 2167;(29)8713-2547;regiane_silveira@doamail.com
Regner Cunha Melo ;Rua Teresina, 3270;(39)9632-7393;regner_melo@bnwmail.com
Remo Gonçalves da Silva ;Avenida São Luís, 6298;(43)9072-4765;remo_silva@sirmail.com
Renata Freitas Goncalves ;Alameda Belo Horizonte, 6193;(35)9995-6646;renata_goncalves@cxtmail.com
Ricardo Alves de Oliveira ;Alameda Fortaleza, 2598;(80)9632-4476;ricardo_oliveira@errmail.com
Ricardo Camargo de Oliveira ;Rua Goyang, 7725;(52)8278-6126;ricardo_oliveira@ppwmail.com
Ritiele Souza Borges ;Rua Gwangju, 3518;(72)8880-1981;ritiele_borges@uutmail.com
Ruth Cristina Custodio de Sousa Borges ;Alameda Malaca, 6692;(62)9844-8736;ruth_borges@fszmail.com
Samuel Zacharias Alves Neto ;Alameda Changsha, 7590;(32)8944-2093;samuel_neto@jrxmail.com
Savio Rosa Correia ;Avenida La Paz, 5570;(45)9611-3589;savio_correia@zpzmail.com
Stefany Faria Sousa ;Rua Qingdao, 377;(86)8552-1671;stefany_sousa@hvxmail.com
Stephane Carolline Cunha Oliveira ;Rua Erevan, 9475;(27)9985-6574;stephane_oliveira@zncmail.com
Suellen da Silva Morais ;Avenida Hangzhou, 5481;(67)8420-1376;suellen_morais@fpomail.com
Thamara de Oliveira Ferraz ;Rua Glasgow, 7649;(66)9335-6438;thamara_ferraz@ulcmail.com
Thayane Ramos Gomes ;Avenida Cusco, 6136;(41)8457-2125;thayane_gomes@dezmail.com
